slave stop;
drop table if exists t1,t2,t3,t4,t5,t6,t7,t8,t9;
reset master;
reset slave;
drop table if exists t1,t2,t3,t4,t5,t6,t7,t8,t9;
slave start;
create table t1(a int);
select * into outfile '../../var/master-data/rpl_loaddatalocal.select_outfile' from t1;
truncate table t1;
load data local infile './var/master-data/rpl_loaddatalocal.select_outfile' into table t1;
select a,count(*) from t1 group by a;
a	count(*)
1	10000
drop table t1;
