slave stop;
drop table if exists t1,t2,t3,t4,t5,t6,t7,t8,t9;
reset master;
reset slave;
drop table if exists t1,t2,t3,t4,t5,t6,t7,t8,t9;
slave start;
SHOW SLAVE STATUS;
Master_Host	Master_User	Master_Port	Connect_retry	Master_Log_File	Read_Master_Log_Pos	Relay_Log_File	Relay_Log_Pos	Relay_Master_Log_File	Slave_IO_Running	Slave_SQL_Running	Replicate_do_db	Replicate_ignore_db	Last_errno	Last_error	Skip_counter	Exec_master_log_pos	Relay_log_space
SHOW SLAVE HOSTS;
Server_id	Host	Port	Rpl_recovery_rank	Master_id
2	127.0.0.1	SLAVE_PORT	2	1
drop table if exists t1;
create table t1 ( n int);
insert into t1 values (1),(2),(3),(4);
insert into t1 values(5);
select * from t1;
n
1
2
3
4
5
select * from t1;
n
1
2
3
4
select * from t1;
n
1
2
3
4
select * from t1;
n
1
2
3
4
5
drop table t1;
drop table t1;
